{"bootstrap": false, "max_depth": 69, "max_features": 0.28359876180715704, "min_samples_leaf": 2, "min_samples_split": 0.02943675068727039, "n_estimators": 87}