{"mean_fit_time": 8.223275184631348, "std_fit_time": 0.06048964796202621, "mean_score_time": 0.44502456982930494, "std_score_time": 0.036563854823175264, "param_bootstrap": false, "param_max_depth": 69, "param_max_features": 0.28359876180715704, "param_min_samples_leaf": 2, "param_min_samples_split": 0.029436750687270388, "param_n_estimators": 87, "split0_test_score": 0.7288723722255539, "split1_test_score": 0.6609967391785471, "split2_test_score": 0.6675643352629037, "mean_test_score": 0.6858111488890016, "std_test_score": 0.03056670351883068, "rank_test_score": 1}